Response_Range,Model,N,RMSE,MAE
< -3,Random_Forest,44,17.279158373044453,5.991873043336127
< -3,XGBoost,44,17.304720125533578,6.156668186187744
< -3,MLP,44,17.335081941484116,6.198245525360107
-3 to -2,Random_Forest,107,1.9459203899293651,1.8669354713975586
-3 to -2,XGBoost,107,2.029782513398117,1.9859590530395508
-3 to -2,MLP,107,2.0935126782186693,1.9815558195114136
-2 to -1,Random_Forest,298,1.4504796603310006,1.3605161619375783
-2 to -1,XGBoost,298,2.860521597348799,1.5153471231460571
-2 to -1,MLP,298,1.399781928789586,1.3043336868286133
-1 to 0,Random_Forest,1133,0.7537354394785304,0.554576835498105
-1 to 0,XGBoost,1133,1.3722588351912688,0.6171963214874268
-1 to 0,MLP,1133,1.4411598553220664,0.6709825396537781
0 to 1,Random_Forest,2166,0.6067220524793847,0.38467578078054765
0 to 1,XGBoost,2166,1.7215390550945808,0.5035900473594666
0 to 1,MLP,2166,2.2003678187754954,0.5798259973526001
1 to 2,Random_Forest,34,1.140506504084565,1.0210160272284834
1 to 2,XGBoost,34,2.571451230554806,1.4624003171920776
1 to 2,MLP,34,1.2031866776151117,1.0033273696899414
2 to 3,Random_Forest,5,2.066079346914628,2.0465072524859957
2 to 3,XGBoost,5,1.8796786110684462,1.7469288110733032
2 to 3,MLP,5,1.8898248161386175,1.8651764392852783
> 3,Random_Forest,15,17.258359868351864,12.71710634564342
> 3,XGBoost,15,19.907793736746516,14.836438179016113
> 3,MLP,15,17.06678310195623,12.565982818603516
