name,N_observations,N_extreme,Median_log_IC50,Median_R2,Extreme_percentage
triptolide,23,18,-3.5880797531811743,0.617545103010034,78.26086956521739
SN-38,20,12,-3.2192127634617025,0.3704552604112485,60.0
maytansinol-isobutyrate,24,12,-3.006857549300012,0.4705614536382195,50.0
oligomycin-a,24,12,2.0578823336402543,0.023460895034578252,50.0
alvespimycin,36,9,-2.665410186990616,0.812406804212749,25.0
gemcitabine,23,8,-2.7607705746391447,0.773556765907417,34.78260869565217
filanesib,25,8,-2.532469778355443,0.216450630445613,32.0
dolastatin-10,27,8,-2.7665141967393327,0.751410760222728,29.629629629629626
exatecan-mesylate,16,7,-2.842325540071573,0.425542215122855,43.75
camptothecin,23,7,-1.786759724182889,0.564999316623093,30.434782608695656
tanshinone-i,9,6,0.4635612997924946,0.0870567285290835,66.66666666666666
SB-743921,15,6,-2.7571278203591376,0.54527307553017,40.0
crystal-violet,21,5,-2.019892237339004,0.0388267944437521,23.809523809523807
BMS-626529,5,4,-5.64831350292731,0.0010538504285262,80.0
3'-fluorobenzylspiperone,9,4,0.5245485795282867,0.231460841175424,44.44444444444444
pentagastrin,9,4,-1.254955817405156,-0.0340688740306392,44.44444444444444
MEK1-2-inhibitor,16,4,0.5587032659092777,0.2645347552522055,25.0
temsirolimus,22,4,-1.007335251362357,0.362402575262575,18.181818181818183
epothilone-b,26,4,-2.6163264793203163,0.8498450021258666,15.384615384615385
FERb-033,3,3,30.992587387601706,-0.0001129796221306,100.0
isoflupredone-acetate,4,3,-1.8212439247201213,-0.07167969342312039,75.0
NVP-AEW541,5,3,3.4475048106464374,0.0003299535652486,60.0
pterostilbene,6,3,1.1112926594162134,-0.0031546443576554004,50.0
ibrutinib,7,3,1.824963351584915,4.92102739834133e-05,42.857142857142854
mocetinostat,8,3,-2.7487783798074927,-0.0931009478357181,37.5
CGP-37849,2,2,-3.464673252756829,0.3726391917153765,100.0
TC1,2,2,8.701279179612554,-0.057579728648740905,100.0
equol,2,2,-6.992799279405906,-0.06585885769558195,100.0
halcinonide,2,2,-4.520537850154406,0.0527859286558493,100.0
bentazepam,3,2,-6.330973667804151,0.0262851243418508,66.66666666666666
GSK429286A,4,2,-1.4259649118431947,0.169115097336593,50.0
beta-naphthol,4,2,0.996427416288443,0.07037592698677815,50.0
telotristat-ethyl,4,2,-2.1251742240476474,0.2059917510300145,50.0
zaldaride,7,2,0.6185690549219157,0.097197423726053,28.57142857142857
SB-366791,9,2,0.4381213426178365,0.465109480823521,22.22222222222222
JTE-607,12,2,0.6809484371969305,0.4035982395503695,16.666666666666664
proflavine-hemisulfate,15,2,0.5667598616595876,0.343529821930591,13.333333333333334
hyoscyamine,16,2,0.374283125229462,0.450560776192918,12.5
2-methoxyestradiol,22,2,0.3613531271813354,0.5190206376591695,9.090909090909092
mozavaptan,22,2,0.7996053700795483,0.39911787237671703,9.090909090909092
sirolimus,24,2,-0.553587227093091,0.455040645071709,8.333333333333332
oridonin,26,2,0.5840398794693666,0.08462679918179865,7.6923076923076925
YM-155,28,2,-2.105399555342057,0.8194179514060095,7.142857142857142
carfilzomib,52,2,-1.7073116057782856,0.6942095380208391,3.8461538461538463
8-bromo-cGMP,1,1,-3.420949348434815,-0.060262406087128,100.0
SIB-1757,1,1,-7.007103465819158,0.079128475487631,100.0
acesulfame-potassium,1,1,-3.573671746779672,0.348574825057011,100.0
bicalutamide,1,1,4.751324458953539,0.0160823002216055,100.0
bindarit,1,1,-4.32711573110389,0.0700102096600418,100.0
colfosceril-palmitate,1,1,-4.001698632925608,0.51022151339891,100.0
creatine,1,1,-3.216003768766667,0.10698259460369,100.0
isometheptene-mucate,1,1,4.529767300218914,-0.339770212021534,100.0
methocarbamol,1,1,-3.2926795210813795,0.238742374887958,100.0
ritodrine,1,1,3.0882274991223486,-0.0860334669205547,100.0
tasisulam,1,1,3.3221125399023315,-4.60776089767911e-05,100.0
tecastemizole,1,1,3.239185042104843,-0.0542647735145922,100.0
thiamine,1,1,-5.90723298663117,0.135938091527705,100.0
triamcinolone-acetonide,1,1,3.4135150373244465,0.186797929790068,100.0
tyloxapol,1,1,-4.882332858087171,-0.637842652508557,100.0
A-803467,2,1,144.52957805006443,-0.13050920491437557,50.0
PSI-7976,2,1,-2.5733125138659387,-0.026621601280920146,50.0
avanafil,2,1,-1.217924616286013,0.20542452752774976,50.0
caffeic-acid-phenethyl-ester,2,1,-1.6253142872784496,0.1325527677061295,50.0
cyclovirobuxin-d,2,1,9.936174711430514,-0.09289363794474449,50.0
lidamidine,2,1,-1.3249033947843607,0.242334751594008,50.0
nimorazole,2,1,-15.729488575010125,-0.058375552469166994,50.0
prazosin,2,1,-1.124322046590911,0.354329271765808,50.0
propoxycaine,2,1,-4.452202089146619,0.035229185913290995,50.0
tamoxifen,2,1,-1.4367526998001616,0.10379812447136486,50.0
aztreonam,3,1,-1.0956056693676106,-0.123817815169846,33.33333333333333
danazol,3,1,0.2639134644491448,0.433190750459211,33.33333333333333
indiplon,3,1,0.9211519555801985,0.534546347281929,33.33333333333333
motesanib,3,1,0.8237945471901833,0.084931980942347,33.33333333333333
CEP-33779,4,1,1.1950820034562581,0.0850964082776627,25.0
atenolol-(+/-),4,1,0.3221441753759437,0.015640295674029102,25.0
chloropyramine,4,1,-1.8853335995174114,0.12250675410600737,25.0
riociguat,4,1,-0.42284066344468746,0.3551961544444095,25.0
chidamide,5,1,0.9944390688823244,0.181377060590748,20.0
chlorambucil,5,1,0.6777550449878793,0.311983798334992,20.0
ecamsule-triethanolamine,5,1,0.8210174609896078,0.141558119279371,20.0
pindolol,5,1,0.643532650651567,0.0811202748562171,20.0
IEM1754,6,1,0.9580290336435184,0.278161505046824,16.666666666666664
deferasirox,7,1,0.8598330570083483,0.28429561136817,14.285714285714285
BVT-948,9,1,0.8044413461972629,0.545511203408394,11.11111111111111
CNX-2006,9,1,0.5753341812456167,0.34555918591159,11.11111111111111
clenbuterol,9,1,0.8201459753225732,0.282323996725634,11.11111111111111
everolimus,9,1,0.07510302675349873,0.39810805085753,11.11111111111111
mycophenolate-mofetil,10,1,0.5165097477974097,0.3553019950442835,10.0
MLN-8054,11,1,-0.5195319179397602,0.594681864983375,9.090909090909092
fludarabine-phosphate,11,1,0.6983232412015583,0.381501334784536,9.090909090909092
kifunensine,11,1,0.4933600278423485,0.0560873769956033,9.090909090909092
phenylbutazone,11,1,0.5504652987453755,0.327250823408532,9.090909090909092
tepoxalin,11,1,0.9256107581878311,0.429049351152632,9.090909090909092
pheniramine,12,1,0.13026283900825553,0.4222122078642115,8.333333333333332
AVL-292,13,1,0.5500218966340947,0.493091166421577,7.6923076923076925
baicalin,13,1,0.7546912906160439,0.20778224662848,7.6923076923076925
nitarsone,13,1,0.4059474860888681,0.26275972746781,7.6923076923076925
CEP-32496,14,1,0.6112249186474956,0.37549239686457203,7.142857142857142
PI-828,14,1,0.3037647303150256,0.401789960850596,7.142857142857142
acetophenazine,14,1,0.7989292554078591,0.046568652790054496,7.142857142857142
GSK2110183,15,1,0.5087381916749197,0.464423137404956,6.666666666666667
PD-407824,16,1,0.4750068503964012,0.5347492878673286,6.25
fluticasone-propionate,16,1,0.5117871175424011,0.4744470013101695,6.25
spermidine,16,1,0.3759166465406115,0.386252536953095,6.25
LY2784544,17,1,0.43327373222012805,0.264380072811841,5.88235294117647
eplerenone,17,1,0.3137007008944042,0.361349757136608,5.88235294117647
spermine,17,1,0.6824674660354347,0.174746294817994,5.88235294117647
CMPD-1,18,1,0.22328518205099562,0.4967806057041655,5.555555555555555
doxifluridine,18,1,0.6816613525967239,0.223351905499089,5.555555555555555
regorafenib,18,1,0.5525903963115524,0.2941848380899508,5.555555555555555
8-hydroxy-PIPAT,19,1,0.5160303700862165,0.496933290437378,5.263157894736842
SB-239063,19,1,0.23454471894882425,0.563361467169139,5.263157894736842
chlorhexidine,19,1,0.7297757668391264,0.395958195865477,5.263157894736842
dapivirine,19,1,0.38087097643265994,0.540837266981226,5.263157894736842
D-64131,20,1,-0.969834041393671,0.459654755999535,5.0
ZK811752,20,1,0.3125448228398534,0.577813351625384,5.0
adefovir-dipivoxil,20,1,0.15538391361506965,0.5657695451574565,5.0
clomifene,20,1,0.5497512206833786,0.3482585731029325,5.0
dioscin,20,1,0.29456725156805963,0.3428904206879305,5.0
sangivamycin,20,1,-1.099350181706816,0.843975990285314,5.0
AMG900,21,1,-0.6556412085995242,0.556639986893365,4.761904761904762
BVD-523,21,1,0.09017324537187817,0.491631111410116,4.761904761904762
SB-431542,21,1,0.22494460070402655,0.515958117088902,4.761904761904762
XL388,21,1,0.12959741505027764,0.515526381158934,4.761904761904762
barasertib,21,1,0.3576326198847122,0.581949174186027,4.761904761904762
ethacridine-lactate-monohydrate,21,1,0.6420485112195645,0.41271639940454,4.761904761904762
AZ-628,22,1,0.2939945739682601,0.4067817589219265,4.545454545454546
FR-139317,22,1,0.40156851465969634,0.412014896515718,4.545454545454546
poziotinib,22,1,-0.32448925169591303,0.327725946114957,4.545454545454546
WZ8040,23,1,0.5521472938523168,0.520836591281813,4.3478260869565215
vincristine,23,1,-1.207195719116761,0.544741946118817,4.3478260869565215
batimastat,24,1,0.17225528938224288,0.5388064036435645,4.166666666666666
dexrazoxane,24,1,0.3320492605549433,0.592648349299492,4.166666666666666
digoxigenin,24,1,0.6487988162697986,0.5121039526253135,4.166666666666666
NMS-E973,25,1,-0.3260130369039142,0.711660679198592,4.0
NVP-BEZ235,25,1,-0.3599076357873622,0.597639554232291,4.0
cabazitaxel,25,1,-2.3748642911397657,0.754100183215095,4.0
SRT1720,26,1,0.7444952343627795,0.0208487073576546,3.8461538461538463
AZD8330,27,1,-1.5501459853388488,0.811123961639055,3.7037037037037033
LDN-57444,27,1,0.6140894044992552,0.33097581842079,3.7037037037037033
vorinostat,28,1,0.321393211017285,0.580347100047361,3.571428571428571
docetaxel,33,1,-1.5180721856352137,0.743693171647408,3.0303030303030303
oxyquinoline,38,1,0.7803392963393152,0.459936219467697,2.631578947368421
1-azakenpaullone,12,0,0.4257223423882971,0.1660744224568815,0.0
1-naphthyl-PP1,22,0,0.336119196132325,0.2420897472948565,0.0
1-phenylbiguanide,15,0,0.7557308381536512,0.25566773341705,0.0
10-deacetylbaccatin,24,0,0.22936659920347469,0.400241808855738,0.0
10-hydroxycamptothecin,28,0,-2.0563499958253053,0.813424692256528,0.0
12-O-tetradecanoylphorbol-13-acetate,7,0,-1.78144756219013,0.459740377260807,0.0
2'-MeCCPA,2,0,0.8859222508506782,0.0416124317655,0.0
"2,3-DCPE",8,0,0.36037710646210885,0.4391200704425705,0.0
3-amino-benzamide,3,0,0.19666040680531735,0.486045882116125,0.0
3-deazaneplanocin-A,23,0,0.1750867310292749,0.602922095464936,0.0
4-(4-fluorobenzoyl)-1-(4-phenylbutyl)-piperidine,3,0,0.3854556356315616,0.201398567330499,0.0
4-chlorophenylguanidine,1,0,0.11847487016041792,0.328627720897283,0.0
4-hydroxy-phenazone,1,0,1.180974762522523,0.142004490832065,0.0
4-methylgenistein,1,0,0.7419619338392893,0.287329710949474,0.0
4-pyrimidinecarbonitrile,1,0,0.4199653442644365,0.736721777211538,0.0
4E1RCat,5,0,0.8494088343881132,0.282098954215993,0.0
5-fluorouracil,14,0,0.39647713959798303,0.5006618484017785,0.0
5-hydroxymethyl-tolterodine,16,0,0.14089888376171067,0.386715621723123,0.0
7-hydroxystaurosporine,25,0,-0.2622416713824218,0.719352006245972,0.0
7-nitroindazole,1,0,0.9768447180635165,-0.642018931832687,0.0
9-aminoacridine,28,0,0.30039891238867034,0.40039725641197954,0.0
A-674563,26,0,0.18044658505001648,0.49179037890668054,0.0
A61603,23,0,0.16784848548066525,0.457407875664697,0.0
ABT-702,18,0,0.48037548700454175,0.27225096678625804,0.0
ABT-737,7,0,0.541777793951488,0.323097378678383,0.0
ABT-751,27,0,-0.8558490155384954,0.755924738790782,0.0
AC-264613,17,0,0.5108703541857075,0.35517295464145,0.0
ACDPP,4,0,0.84503097153917,0.44071110895509846,0.0
ACY-1215,15,0,0.5644046599157321,0.42867803565367,0.0
AEE788,9,0,0.40660002661547145,0.253222139981583,0.0
AEG3482,8,0,0.8705841478827602,0.4097731892771085,0.0
AM-251,9,0,0.6490850787726211,0.413762321667018,0.0
AM-404,3,0,0.7989343755719606,0.101005256653906,0.0
AM-580,19,0,0.7870847861457642,0.423385565582198,0.0
AMG-208,1,0,0.9241714967665422,-0.607559768080632,0.0
AMG-232,4,0,0.6305270644855643,0.250698041398445,0.0
AMG458,3,0,0.8307973730295009,0.374137231094401,0.0
AP1903,6,0,0.3349657549144468,0.371134808611033,0.0
AP26113,23,0,0.3171451883688536,0.423773860743253,0.0
AR-12,25,0,0.3418123704805557,0.403447303267638,0.0
AR-42,28,0,0.01213754432480839,0.43728559552788204,0.0
ARRY-334543,23,0,0.2788782841473009,0.475546226225019,0.0
AS-1949490,9,0,0.8012693820150928,0.427408570254454,0.0
AS-703026,41,0,-0.5998693719328609,0.6411805688544405,0.0
AST-1306,10,0,0.4418687413762009,0.5800648601137595,0.0
AT-7519,46,0,0.26728488808203954,0.5680137417251118,0.0
AT-9283,21,0,0.1270430637417726,0.580564573124083,0.0
AT13387,40,0,-0.6502447546549802,0.6612635627979371,0.0
AV-412,25,0,0.45455393822087725,0.325531134603838,0.0
AVN-944,21,0,0.0470922711663578,0.600338448517968,0.0
AZ20,25,0,0.18452736562316346,0.384625295280704,0.0
AZ3146,12,0,0.4335052534187567,0.3933932902417025,0.0
AZ960,22,0,0.10683951848902157,0.4582946741448015,0.0
AZD1480,2,0,1.6689797362420902,0.139137660830356,0.0
AZD2014,31,0,-0.35431652369155964,0.676806853649582,0.0
AZD2461,13,0,0.49071798522465226,0.0565960229467337,0.0
AZD2858,24,0,0.41249822963014926,0.29190217122268647,0.0
AZD3463,28,0,-0.11965539835525915,0.488409435038118,0.0
AZD4547,2,0,0.7452346946023296,0.4676087561023295,0.0
AZD5363,15,0,0.4501423001823945,0.445385499273773,0.0
AZD5438,27,0,0.22222923642436462,0.544787867050729,0.0
AZD6482,26,0,-0.09374211833161,0.5603709568123945,0.0
AZD7762,28,0,-0.8636639775364869,0.7348478255219725,0.0
AZD8055,27,0,-0.735638021467116,0.77441478978408,0.0
AZD8931,23,0,-0.3526503684431487,0.541371680551366,0.0
AZD9668,9,0,0.5603621515151648,0.318339836763788,0.0
BAM7,7,0,0.44102129573433,0.226259950495187,0.0
BAY-11-7082,24,0,0.6854833842794147,0.433064805497989,0.0
BAY-11-7085,28,0,0.35263143731311625,0.261737382434016,0.0
BAY-87-2243,27,0,-1.6976581455503112,0.713549491205878,0.0
BF2.649,5,0,0.5872987635213326,-0.0847056981622358,0.0
BGT226,27,0,-1.530660061444883,0.769988955025738,0.0
BI-2536,20,0,-1.4797250636446493,0.712214389535381,0.0
BI-78D3,25,0,0.4706356173293896,0.584323319450758,0.0
BI-D1870,9,0,0.7826257314919787,0.0371579547842344,0.0
BIBR-1532,20,0,0.3801505887242682,0.384218489731118,0.0
BIBU-1361,14,0,0.29257046432253675,0.4068618997938595,0.0
BIBX-1382,8,0,0.5088207833598833,0.483737489192863,0.0
BIIB021,38,0,-0.3504381929235395,0.691950944870661,0.0
BIX-01294,27,0,0.46446367293866386,0.49701814637764,0.0
BIX-02188,22,0,0.4665850314686306,0.286845359308346,0.0
BMS-265246,19,0,-0.10215153631944106,0.532984290422074,0.0
BMS-345541,17,0,0.17844157030850152,0.245684135638772,0.0
BMS-387032,28,0,-0.8597675391788275,0.7981349935404589,0.0
BMS-599626,6,0,0.5708981874709906,0.3805331234532665,0.0
BMS-690514,26,0,-0.11624224874772514,0.5317772026427724,0.0
BMS-707035,1,0,0.8106423060020057,0.472361097251746,0.0
BMS-754807,25,0,0.07643067110245044,0.434315140565443,0.0
BNC105,17,0,-1.1920137189458404,0.731186687776436,0.0
BNTX,27,0,0.32038838136296416,0.416668596417079,0.0
BTS-54505,7,0,0.7260881277904169,0.173282870072652,0.0
BX-912,25,0,0.1122035782473584,0.502696142661254,0.0
CCG-50014,24,0,0.3533990672628561,0.5858761878456005,0.0
CCMI,10,0,0.7400490622030874,0.1348576163002986,0.0
CCT128930,9,0,0.6313584991753555,0.215285357061125,0.0
CCT129202,13,0,0.35390882203507273,0.456955321825254,0.0
CCT137690,19,0,-0.24340784824052908,0.632279652018106,0.0
CD-437,25,0,-0.17865543088593439,0.726463280067244,0.0
CEP-37440,27,0,0.6090171105917271,0.367686988710725,0.0
CGM097,4,0,0.15789081161111207,0.259570784344347,0.0
CGP-52411,20,0,0.3146217982549414,0.358230192148796,0.0
CGP-54626,7,0,0.4515365265282806,0.481589577022684,0.0
CGS-15943,10,0,0.028682157673602552,0.3212506111454975,0.0
CGS-20625,11,0,0.866369110491536,0.4184134895573,0.0
CH5132799,23,0,0.05659430875478878,0.451237673558075,0.0
CHIR-124,26,0,-0.21718991498626627,0.5167501074890171,0.0
CHIR-98014,1,0,0.9113764051680594,-0.017956759973579,0.0
CHIR-99021,4,0,0.7224097115660468,-0.1210471902129936,0.0
CID-5458317,26,0,0.44642323997262623,0.45186075188257546,0.0
CL-218872,1,0,1.075972094552172,0.270783713435649,0.0
CNX-774,17,0,0.47560474524873164,-0.0208818869568608,0.0
CP-673451,10,0,0.7482800458968906,0.22345655196083847,0.0
CP-724714,20,0,0.35866907592683156,0.3809524259621505,0.0
"CP-945,598",18,0,0.46326986156529887,0.10733860732947825,0.0
CPI-1189,8,0,0.4357671259548029,0.24446003942984,0.0
CPP,12,0,0.22672655086625287,0.337252504256189,0.0
CR8-(R),28,0,-0.33941090941935076,0.6269699276501426,0.0
CUDC-101,13,0,0.25401674449082273,0.351085985079873,0.0
CUDC-907,27,0,-1.4061240784087214,0.698390948321288,0.0
CX-4945,6,0,0.2700830919114901,0.383916435702167,0.0
CX-5461,24,0,0.23958743024046386,0.3564952927760745,0.0
CYC116,13,0,0.6185928294429266,0.542982836139111,0.0
CYT-997,25,0,-0.9201625026402451,0.517752982332875,0.0
D-7193,21,0,0.1641731094675854,0.395546791513189,0.0
DCEBIO,19,0,0.2704820461653486,0.570977517153637,0.0
DMH1,4,0,0.9139864585663869,0.3304448773437365,0.0
DPI-201106,25,0,0.41830112146566345,0.447533788198475,0.0
DU-728,4,0,0.791926554411116,0.3818684301629575,0.0
DVD-111,1,0,0.5698576835803778,0.304777536929682,0.0
E7449,16,0,0.3188646459426267,0.1917770191052405,0.0
EMD-53998,2,0,0.4251251524649967,0.250104095665124,0.0
ENMD-2076,16,0,0.06694215301567134,0.534394841369702,0.0
EPZ-5676,10,0,0.38959429515470956,0.6463179399914945,0.0
ER-27319,27,0,0.2626396381494944,0.571611768914295,0.0
ETP-46464,26,0,0.29798171287849096,0.5032678247057281,0.0
EVP4593,25,0,-0.9501858590482409,0.724012929336707,0.0
FG-4592,4,0,0.9178553825130349,0.43593730445800605,0.0
FK-3311,18,0,0.4032941920126681,0.42540197161779847,0.0
FK-866,43,0,-1.4831516322626446,0.736291890336626,0.0
FLI-06,17,0,0.43655106947882,0.384369511385226,0.0
FPH1-(BRD-6125),1,0,1.1120154086015905,0.393675107877806,0.0
G-1,16,0,0.35680919842704995,0.1008197385842888,0.0
GDC-0068,7,0,0.21607108362893265,0.375137371424898,0.0
GDC-0152,14,0,0.4003348537612653,0.2942439406063505,0.0
GDC-0349,25,0,-0.2996585805425894,0.533323676459159,0.0
GDC-0879,5,0,0.5017316226521558,-0.252015937990643,0.0
GDC-0941,22,0,-0.014634626098391317,0.5954409094050535,0.0
GDC-0980,33,0,-0.2269511658429779,0.821478294752301,0.0
GGTI-298,7,0,0.4118295748966575,0.231095963025923,0.0
GS-39783,1,0,0.24371241950732442,0.0597038489117544,0.0
GSK-3-inhibitor-IX,10,0,0.7059255738923202,0.2403799368130045,0.0
GSK-J4,25,0,0.23197675096738274,0.407150517879399,0.0
GSK1070916,21,0,-0.6304521356929633,0.508364625942552,0.0
GSK1292263,16,0,0.2278944880760035,0.4291160894351665,0.0
GSK1838705A,9,0,0.44193971635262264,0.422997875001932,0.0
GSK1904529A,14,0,0.3362799245477347,0.1375122981429235,0.0
GSK2126458,25,0,-1.4354180549229585,0.770209241236008,0.0
GSK256066,3,0,0.29676778559610323,0.214036159067265,0.0
GSK2656157,6,0,0.6127642431829026,0.463068389355088,0.0
GSK461364,20,0,-1.0656854654815473,0.47146069192406753,0.0
GSK650394,15,0,0.6740006234878928,0.210116168899024,0.0
GSK923295,19,0,0.29730528404963213,0.502837953071646,0.0
GTP-14564,2,0,0.10981182499561334,0.3857941537479365,0.0
GW-405833,6,0,0.6954089794942266,-0.057989680044026354,0.0
GW-583340,22,0,0.4874786909529262,0.277008550952264,0.0
GW-842166,7,0,0.8628631096365692,0.198393130727302,0.0
GW-843682X,23,0,-0.0957402180475565,0.488566451601725,0.0
GZD824,28,0,-0.3638038012749405,0.595432439157327,0.0
HA14-1,25,0,0.6084463622686067,0.172201413820573,0.0
HMN-214,25,0,-0.2600867720418603,0.47252472540024,0.0
I-BET-762,22,0,0.22336493959355785,0.335813971394347,0.0
I-BET151,4,0,0.5165645082005552,0.1883141427583245,0.0
ICG-001,14,0,0.4164777303236764,0.4257033151437995,0.0
ICI-162846,1,0,0.4893741977504307,-0.393850655256881,0.0
IDRA-21,15,0,0.6690056959731739,0.471812435620496,0.0
IKK-16,23,0,0.6573327375010191,0.458315202815591,0.0
IKK-2-inhibitor-V,24,0,0.12999228504089766,0.5530859260832894,0.0
INH1,1,0,0.7779688053373085,0.243781087825198,0.0
IOWH032,2,0,0.6632200504412984,0.236938579584678,0.0
JIB04,25,0,0.28405079077968914,0.390058024774168,0.0
JK-184,28,0,-0.9083927387805045,0.51137904910172,0.0
JNJ-26481585,18,0,-1.332046160033804,0.7495991118476699,0.0
JNJ-7706621,24,0,0.3638349620515009,0.4691619486143105,0.0
JQ1-(+),6,0,-0.08957749572128179,0.5250201929153065,0.0
JTC-801,27,0,0.42699500050390476,0.278175141937348,0.0
JZL-184,4,0,0.520228321401072,0.42363643191278755,0.0
K-858,24,0,-0.16278788361910967,0.2503575690323155,0.0
K-Ras(G12C)-inhibitor-6,11,0,0.8314985162319922,0.0657243122524719,0.0
KD-023,15,0,0.3130158843534805,0.496375712644584,0.0
KD025,17,0,0.3393706124514074,0.335914013496181,0.0
KF-38789,26,0,0.13012878602691208,0.523143280882571,0.0
KI-16425,5,0,0.5565144806144313,0.427134381322589,0.0
KI-8751,13,0,0.46251303133905664,0.266393980982705,0.0
KP-1212,11,0,0.2583122561403287,0.416300478837422,0.0
KPT-185,28,0,-0.29643991447468504,0.625405904893553,0.0
KPT-276,26,0,-0.24501382329620466,0.5529307147894624,0.0
KW-2449,21,0,0.20422386801649836,0.495732394273204,0.0
KW-2478,25,0,0.109440554079177,0.599573722346402,0.0
KX2-391,21,0,-0.9982201086842131,0.572735784017651,0.0
"L-798,106",17,0,0.35112828989387945,0.267347678930864,0.0
LB42708,26,0,-0.08650967391941558,0.6435322238427466,0.0
LCL-161,21,0,0.2656813153400341,0.380818988963625,0.0
LDN-212854,26,0,0.10842619175143445,0.6297419123964241,0.0
LE-135,15,0,0.5426436939223472,0.346202397427578,0.0
LGX818,5,0,0.5099922283049672,0.323528278651196,0.0
LY2090314,26,0,0.1957588151099627,0.39316505070290697,0.0
LY2183240,23,0,0.3035203381153209,0.295023795443054,0.0
LY2334737,26,0,0.2513044194197465,0.4639862842848555,0.0
LY2603618,21,0,0.4128571664849748,0.160227738932958,0.0
LY2606368,26,0,-1.6959100460344523,0.830301867662971,0.0
LY2608204,24,0,0.09286987929405911,0.3441925797651325,0.0
LY2801653,15,0,0.2224496214243234,0.4577817361199433,0.0
LY2874455,27,0,-0.14700564781758402,0.626918389750881,0.0
LY3023414,28,0,-0.6135682939907643,0.7795990784212306,0.0
LY303511,1,0,0.227662283682346,0.494404676166912,0.0
LY456236,22,0,0.2793366463558396,0.271953902664162,0.0
M-344,26,0,0.00876570386158598,0.624477972376094,0.0
MEK162,25,0,-0.22699587906522553,0.690153324797584,0.0
MG-132,28,0,-0.9664801116088395,0.7028863983789665,0.0
MGCD-265,25,0,0.6489247441005328,0.384124450316512,0.0
MK-0773,5,0,0.6784562355306113,0.479813263454503,0.0
MK-1775,40,0,-0.18588385360193693,0.630661938107212,0.0
MK-2206,19,0,0.6694094368321466,0.528788800697828,0.0
MK-2461,7,0,0.31281090363549596,0.27479304081334,0.0
MK-5108,27,0,0.09808120563671796,0.52650345747763,0.0
MK-8245,16,0,0.2604753191603132,0.366452468703836,0.0
MK-8745,22,0,-0.13525345665206856,0.6142114806568445,0.0
ML133,23,0,0.49370457347596863,0.335804153154462,0.0
MLN0128,32,0,-1.2517810771826128,0.7822659591756365,0.0
"MNS-(3,4-Methylenedioxy-nitrostyrene)",24,0,0.7610285716595092,-0.021873245965199198,0.0
MPI-0479605,22,0,-1.5712810255500993,0.682290407239895,0.0
MRS-1220,4,0,0.17849598618022422,0.1833699029775385,0.0
MTPG,1,0,0.4146894261910687,0.260512711435944,0.0
N-acetylmannosamine,13,0,0.5451658999430542,0.413556825971263,0.0
NH125,28,0,0.30810917495510615,0.42204743255405097,0.0
NMS-1286937,20,0,-0.8925825894837192,0.7187295751233456,0.0
NMS-873,28,0,-0.45804332255763364,0.516266625157896,0.0
NSC-319726,25,0,-1.708585197300132,0.721164271620114,0.0
NSC-3852,21,0,0.42058032033158016,0.210076533320359,0.0
NSC-632839,22,0,0.5230744406505865,0.2965292532657545,0.0
NSC-663284,27,0,0.3687030352974582,0.412428965405738,0.0
NSC-697923,28,0,0.22901914346891217,0.5268866865342774,0.0
NU6027,2,0,0.46180432065637633,0.3185817797503765,0.0
NVP-AUY922,42,0,-1.449210690571328,0.734356538288798,0.0
NVP-BHG712,17,0,0.6270908962909298,0.340544129519602,0.0
NVP-BVU972,3,0,0.4961345464397844,0.234298075869677,0.0
NVP-TAE226,28,0,-0.5419078465976079,0.7091073806598089,0.0
NVP-TAE684,26,0,-0.027710157728699825,0.43839421779127297,0.0
OLDA,5,0,0.8793200984876417,0.31315676066848,0.0
ONC201,16,0,0.3993324006009916,0.5029800271036124,0.0
ONX-0914,28,0,-0.40470681389088625,0.6896687235792895,0.0
OSI-027,28,0,0.11592707199659333,0.5861744584409441,0.0
OSI-420,17,0,0.371871169264687,0.271097742590439,0.0
OSI-930,13,0,0.4156110827917342,0.446646662115606,0.0
OTS167,28,0,-1.3704219954689898,0.8222516436104875,0.0
OTX015,8,0,0.39078525304295386,0.41703182037430453,0.0
P22077,9,0,0.8870081467485563,0.150398475100594,0.0
P276-00,46,0,-0.13600601441406202,0.6390217926806234,0.0
P5091,22,0,0.4792289749785533,0.415267482524527,0.0
PAC-1,7,0,0.7753128236449115,0.174482328904513,0.0
PCI-24781,28,0,-0.09572507426578164,0.44305431216283153,0.0
PD-0325901,25,0,-1.0087567482657727,0.74152262808465,0.0
PD-153035,18,0,0.3512951341575397,0.4126013360710975,0.0
PD-168393,26,0,0.4430884003670301,0.5491487440329634,0.0
PD-173074,3,0,0.5886410976010888,0.254029917303906,0.0
PD-184352,18,0,0.4008257060724295,0.326342921538355,0.0
PD-198306,22,0,0.4090136845325222,0.4523177998047755,0.0
PD-318088,22,0,-0.2211641471840489,0.5786681202849605,0.0
PD-98059,1,0,1.8762548533265233,0.0616955981105187,0.0
PETCM,15,0,0.6251514404445214,0.17478020652855,0.0
PF-03758309,18,0,-0.9814727461391035,0.7705502245739291,0.0
PF-03814735,17,0,-0.22197677684110098,0.513308821498409,0.0
PF-04457845,15,0,0.6186224229761444,0.393139543312818,0.0
PF-04691502,27,0,-0.360065432327907,0.69005756731332,0.0
PF-05212384,28,0,-0.5799000859006664,0.581054594905027,0.0
PF-3845,3,0,0.8228745288154369,0.217251935608241,0.0
PF-477736,26,0,-0.5160776576153047,0.617539028807812,0.0
PF-4981517,9,0,0.27390646617617814,0.292890134535404,0.0
PF-562271,27,0,0.4085311673828625,0.49836689890542,0.0
PF-573228,8,0,0.6244549346556982,0.1910123475304391,0.0
PFI-1,26,0,0.22631941168383546,0.3565696533444995,0.0
PFK-015,16,0,0.38075249804450123,0.4952502800284965,0.0
PHA-665752,25,0,0.3489348008058607,0.332148252046005,0.0
PHA-680632,25,0,0.04908693290595871,0.606448656235799,0.0
PHA-767491,24,0,0.48901654199393346,0.3842339776712095,0.0
PHA-793887,24,0,0.20262514252560665,0.0857412574015111,0.0
PHA-848125,46,0,0.14770470447176753,0.5888842359924864,0.0
PI-103,23,0,0.5618897061588372,0.368735703670506,0.0
PI3K-IN-2,28,0,-0.22178025837946969,0.7015705731371555,0.0
PIK-75,28,0,-0.8520076499161549,0.570583457188082,0.0
PJ-34,2,0,0.6586527464037248,0.159591718884649,0.0
PKI-179,28,0,-0.38465990928210153,0.6301733253030385,0.0
PLX-4720,21,0,0.38960223732064647,0.376248037842948,0.0
PP-1,13,0,0.5763345687018029,0.136622397918548,0.0
PP-121,26,0,-0.713618752338907,0.6748816203057211,0.0
PP-2,19,0,0.492745778584203,0.026650130848737,0.0
PP242,27,0,0.008240191173728595,0.536112562920126,0.0
PPT,19,0,0.6429216222859951,0.0731150562167603,0.0
PQ-401,5,0,0.8564852106515941,0.0127733327507155,0.0
PR-619,26,0,0.3198474425169783,0.549994639054736,0.0
PRT062070,10,0,0.5748653284766314,0.0670264193716238,0.0
PRT062607,27,0,0.6181036630665253,0.48975775579757,0.0
PSB-1115,5,0,0.480023338522412,0.0992325775716424,0.0
PTC-209,20,0,0.34348839927503394,0.24912888365427902,0.0
PU-H71,28,0,-0.18419817110444564,0.543351128421576,0.0
R306465,25,0,-0.10779975909836066,0.64161250140213,0.0
R406,19,0,0.22792986887125682,0.489215105895912,0.0
R547,24,0,-0.2502809186227887,0.6427767806739275,0.0
RAF265,20,0,0.059022093308373436,0.4564915722504615,0.0
RI-1,1,0,0.6516286638215733,0.319355205174927,0.0
RITA,22,0,0.1539661152134197,0.5487252582318075,0.0
RKI-1447,7,0,0.538880024280962,0.470369512016007,0.0
RN-1734,23,0,-0.01618085571852434,0.532310582576228,0.0
RS-16566,21,0,0.6386950757440324,0.436220180595041,0.0
RS-17053,24,0,0.5061481829739019,0.43069549920484096,0.0
RS-504393,11,0,0.6567778569793908,0.314793019771121,0.0
RS-67506,4,0,0.7923721713438406,0.1485853563761508,0.0
Ro-04-5595,4,0,0.6349891846789621,-0.03925517182315615,0.0
Ro-106-9920,26,0,0.15496957435498906,0.5059458959138166,0.0
Ro-4987655,27,0,-0.8721570989625178,0.736677104151011,0.0
Ro-90-7501,5,0,0.8344936622522485,0.121532425941043,0.0
Ro-9187,19,0,0.5389217163502399,0.185454179492787,0.0
S-methylcysteine,2,0,1.6285743952861225,0.08498014632073589,0.0
S26948,1,0,0.29657651577921285,0.0685902199317284,0.0
SAR131675,12,0,0.4866767670138219,0.169194610696736,0.0
SB-200646,11,0,0.3074864905780638,0.387520512876096,0.0
SB-205384,18,0,0.5020612422923503,0.29392447772492103,0.0
SB-216641,22,0,0.6016060732991146,0.407500407309619,0.0
SB-218078,10,0,-0.02941053980163759,0.49263623079699,0.0
SB-218795,19,0,0.5250493088756184,0.0640283740210497,0.0
SB-225002,16,0,0.44902436110424465,0.569575047806974,0.0
SB-228357,5,0,0.5253710709513449,0.383851202722194,0.0
SB-2343,28,0,-0.3362439640380276,0.7147083217661401,0.0
SB-242235,2,0,1.1051263549254589,0.19461642546487148,0.0
SB-505124,14,0,0.7536716725375633,0.251052798595046,0.0
SB-525334,8,0,0.6352112888652512,0.39477837778067,0.0
SB-590885,6,0,0.6745037769474278,0.1312672631225812,0.0
SB-657510,12,0,0.5694123752297556,0.259378375513515,0.0
SB-939,28,0,-0.6538966672249383,0.724845764695424,0.0
SC-12267,3,0,0.8727384680164759,0.403312904660132,0.0
SC-144,16,0,0.12203552673006343,0.28040550370629,0.0
SCH-58261,1,0,0.34237421537713186,0.0639179851575682,0.0
SCH-900776,45,0,0.12542319988552134,0.562764879352472,0.0
SCS,2,0,0.4069522324356336,0.350121207463017,0.0
SDZ-WAG-994,16,0,0.7765695377298538,0.1705181258451565,0.0
SGI-1027,25,0,0.3047930601505204,0.477311644360762,0.0
SGI-1776,13,0,0.5006193465659777,0.431711718009773,0.0
SID-7969543,15,0,0.7657078333127086,0.154077682491829,0.0
SKF-96365,24,0,0.19329127535296659,0.6465780300290676,0.0
SKI-II,7,0,0.738903743446454,0.509640410463207,0.0
SMI-4a,2,0,0.20272887041915721,0.18757642871480365,0.0
SNS-314,13,0,-0.9396722360434334,0.545827413052718,0.0
SNX-2112,28,0,-1.04175218655115,0.789073016527029,0.0
SNX-5422,25,0,-0.7620926731926965,0.720127415031788,0.0
SR-27897,1,0,0.8559633394576978,-0.450326346188352,0.0
SR-33805,24,0,0.4581515886619305,0.5621746855573726,0.0
SR-57227A,4,0,0.7611338395572314,0.13129063901105947,0.0
STA-5326,6,0,-0.2650721804274775,0.472319586512316,0.0
STF-118804,28,0,-0.3828370494632772,0.550541483595917,0.0
SU014813,12,0,0.37909087017532384,0.5029367299073579,0.0
SU3327,27,0,0.5664386314863362,0.224185891253573,0.0
TAK-285,13,0,0.12213778571614811,0.391708537941534,0.0
TAK-632,25,0,0.10516767708712266,0.62259245157742,0.0
TAK-715,1,0,0.5703703449413005,0.285368442277784,0.0
TAK-733,27,0,-0.7928696932647846,0.703781789017133,0.0
TAK-901,27,0,-0.24873041587476935,0.622412649856656,0.0
TAS-103,27,0,-0.5276545337350593,0.758754864926017,0.0
TG-02,28,0,0.0844943547851601,0.625301014057087,0.0
TG-100572,24,0,0.4392735425441143,0.328210252190833,0.0
TG-100713,18,0,0.334865516875715,0.521236117163248,0.0
TG-101209,21,0,0.3685476881311021,0.526025066645747,0.0
TG-101348,21,0,0.6221964004950179,0.202750345820454,0.0
TH-302,17,0,0.3821283374225846,0.419951509802952,0.0
TMC-353121,20,0,0.3184378619065061,0.298870475809076,0.0
TMS,6,0,0.7437678007399391,0.224042785837551,0.0
TPCA-1,21,0,0.5966950815502851,0.165277936090392,0.0
TU-2100,4,0,0.5701516566959215,0.369208453299846,0.0
TW-37,28,0,-0.32960145099678606,0.5217771923981556,0.0
TWS-119,8,0,0.7402462168422237,0.4469318693435535,0.0
U-0126,28,0,0.7319206956129618,0.2941040786379,0.0
U-18666A,10,0,0.4788530746110806,0.1986030988992355,0.0
UK-383367,5,0,0.3575942997903471,0.343044062694143,0.0
UNBS-5162,13,0,0.560209067680524,0.529311957198696,0.0
UNC0631,27,0,0.472082191604762,0.571154685156752,0.0
UNC2250,12,0,-0.23377288952758074,0.152667260138969,0.0
VE-821,7,0,0.5635039108014199,0.325559993113853,0.0
VE-822,28,0,-0.7726957660087357,0.7484253254528225,0.0
VER-49009,22,0,0.19321322953385764,0.583269230865343,0.0
VLX600,20,0,-0.2755781048509055,0.4784768259711915,0.0
VS-4718,18,0,0.5029639554819437,0.346013782892571,0.0
VTP-27999,7,0,0.781945469884635,0.310709473191995,0.0
VU0238429,25,0,0.2164970147043889,0.322059738892684,0.0
VU0361737,3,0,0.6366954066224524,0.309075626314176,0.0
VU0364770,8,0,0.2006628607115324,0.49048265755960496,0.0
VX-702,10,0,0.8747651180084262,0.48000900756283404,0.0
VX-765,16,0,0.5550107661660308,0.4018432309314695,0.0
WAY-170523,16,0,0.4140117097201188,0.307999120886433,0.0
WAY-600,25,0,0.2530783723977514,0.568449976274804,0.0
WHI-P154,9,0,0.4460405444630661,0.169545246527943,0.0
WP1066,28,0,-0.0912380110042309,0.6058152815146911,0.0
WP1130,26,0,-0.3304904626123757,0.6974532215254801,0.0
WYE-125132,26,0,-0.21763380575530092,0.43592066531908846,0.0
WYE-354,25,0,0.31213683706322465,0.45287345995777,0.0
WZ-3146,23,0,0.20717238402563426,0.444640894565075,0.0
WZ-4002,9,0,0.7110799467274685,-0.0570502181426902,0.0
XBD173,6,0,0.5814800216489693,0.332043411297245,0.0
XL-647,36,0,0.07490185648752408,0.5444777515580956,0.0
XL888,27,0,-0.9468289163104787,0.85454166822894,0.0
Y-27632,15,0,0.4235603776013643,0.591607262843819,0.0
Y-320,3,0,0.9769888347628847,-0.278210836871254,0.0
Y-39983,5,0,0.8424160746873729,-0.31010024039744,0.0
YM-201636,16,0,0.6117813769258288,0.1461681363957265,0.0
YM-976,7,0,0.7513611867779748,0.227798172207724,0.0
ZK-93423,19,0,0.4012557578843729,0.123283173966538,0.0
ZK-93426,18,0,0.44739357144379166,0.3127248857753925,0.0
ZLN005,2,0,0.6550055977744677,-0.12891230624832195,0.0
ZM-306416,10,0,0.3997970659695359,0.4189844856382785,0.0
ZM-447439,18,0,0.2855640102426469,0.39795826296638503,0.0
ZSTK-474,19,0,0.16343764015498455,0.495151974508448,0.0
abemaciclib,27,0,0.026553477388667864,0.519715027423483,0.0
acetazolamide,1,0,0.527022392433298,0.377625251841469,0.0
acetylsalicylsalicylic-acid,5,0,0.8534930902273109,0.0891784289042783,0.0
acipimox,13,0,0.5897097354306134,0.257006643289093,0.0
acivicin,19,0,-0.4575726725714442,0.48271971145348,0.0
adapalene,3,0,0.6480612569889587,0.244028360746801,0.0
adaprev,6,0,-0.0956161141746899,0.4331203649635045,0.0
adarotene,7,0,-0.3876651542704689,0.801345026002426,0.0
afatinib,36,0,0.1639543978768182,0.5439510081289569,0.0
afobazole,4,0,0.8424364334891108,0.3032287972300665,0.0
ajmaline,9,0,0.49158844166023397,0.463103579921745,0.0
albendazole,18,0,-0.2967189101783208,0.460004301203604,0.0
alectinib,20,0,0.5041942612069912,0.441687696513669,0.0
alexidine,27,0,0.5278307503890289,0.505159194918842,0.0
alfacalcidol,13,0,0.6297520417091157,0.557040681646385,0.0
alisertib,22,0,-0.3965113085472297,0.343383659936141,0.0
alpelisib,19,0,0.2593781058461938,0.549093439429013,0.0
alvocidib,35,0,-0.6290577821997789,0.8213030400961654,0.0
ambazone,2,0,0.8427073143135202,0.4292358518027985,0.0
amfenac,21,0,0.6536519128903094,-0.0264043263625218,0.0
aminoglutethimide,1,0,0.9428849947284645,0.531021784907838,0.0
aminopurvalanol-a,17,0,0.4572816106523441,0.428131077583515,0.0
ammonium-lactate,2,0,0.9981296971563692,-0.201905241640439,0.0
amonafide,13,0,0.47072300514720616,0.12209815405264,0.0
amoxicillin,1,0,0.8468581114338182,0.338480318216413,0.0
amsacrine,22,0,-0.6058145839020207,0.6447744826108205,0.0
anagrelide,2,0,0.15670263453446442,0.1472440439479922,0.0
anguidine,27,0,-1.0969085862048833,0.663394793056072,0.0
anisomycin,26,0,-0.2817960573862729,0.7677372265561104,0.0
apatinib,11,0,0.636141965028533,0.427708912265967,0.0
aphidicolin,24,0,-0.1640625105233321,0.5638767781559805,0.0
arctigenin,19,0,0.4998594018480664,0.276283156375376,0.0
arcyriaflavin-a,1,0,0.41181667897190777,0.514139205724856,0.0
aripiprazole,1,0,0.5579382115034878,0.263279741763492,0.0
artemisinin,6,0,0.34865703302998086,0.4030870139355145,0.0
artesunate,5,0,0.7243318834935529,0.245792781183922,0.0
aspirin,5,0,0.8946531622066339,0.151565505486673,0.0
astemizole,4,0,0.758787328015337,0.1051087638219317,0.0
asymmetrical-dimethylarginine,21,0,0.17689292272939683,0.427722600693286,0.0
atipamezole,11,0,0.6564321430371469,0.376086197712735,0.0
atiprimod,34,0,0.5236110247065816,0.5874674314050781,0.0
atorvastatin,5,0,0.4054298273028089,0.273633503136276,0.0
aurora-a-inhibitor-i,24,0,0.552554354717065,0.4547046229574665,0.0
axitinib,8,0,0.4471358214481703,0.4253366178980853,0.0
azacitidine,15,0,0.37333986823149223,0.483036029680969,0.0
azalomycin-b,25,0,-0.1699413392957856,0.42517106097194,0.0
azathioprine,7,0,0.4920285464311694,0.338725207226417,0.0
azilsartan,20,0,0.7394865132405692,0.0773557631652492,0.0
azithromycin,18,0,0.45757113506629854,0.525260271314871,0.0
azodicarbonamide,2,0,0.8330469407511962,0.6752706015016515,0.0
bafetinib,17,0,0.49755667822195926,0.38293839574815,0.0
baicalein,2,0,0.8154646314032337,0.32643156596635603,0.0
balapiravir,11,0,0.48801118738241994,0.144535780123664,0.0
barasertib-HQPA,14,0,-0.6660477744241298,0.545312107619885,0.0
bardoxolone,20,0,0.3054070813634757,0.504594541177162,0.0
bardoxolone-methyl,48,0,-0.05778527584461318,0.7252209000882806,0.0
baricitinib,19,0,0.44866959483149693,0.250914838805117,0.0
beclomethasone-dipropionate,12,0,0.9225323557109539,0.4720898731903015,0.0
bekanamycin,4,0,0.9343954779413324,-0.054720482788680094,0.0
belinostat,36,0,0.27326606872802595,0.5681545478322074,0.0
bendamustine,9,0,0.7578395071735947,0.18930495180905,0.0
benzethonium,22,0,0.24141018992121116,0.6622831718719315,0.0
benzydamine,5,0,0.7988287015998866,0.21069985175057,0.0
benzyldimethylhexadecylammonium,5,0,0.5394625091882161,0.363535682625012,0.0
berberine,21,0,-0.008974118898484857,0.523876422594651,0.0
beta-lapachone,27,0,0.05165932703314023,0.750230671200893,0.0
betamethasone,1,0,-0.8349488151364899,0.752404513139781,0.0
betamethasone-dipropionate,6,0,0.1823040844506567,0.513218382147397,0.0
betulinic-acid,12,0,0.4506959016263776,0.3817568666520035,0.0
bifemelane,4,0,0.9067278978794147,0.3019591222822255,0.0
birinapant,8,0,-0.3623481520283917,0.4591166564989465,0.0
bis(maltolato)oxovanadium(IV),3,0,0.7681777461350219,0.377611367976551,0.0
bisacodyl,7,0,0.18157928693843553,0.386036307583645,0.0
bisindolylmaleimide-ix,28,0,0.2538119915385518,0.4452106901258705,0.0
bitopertin,14,0,0.5644481524012646,0.49087246008148144,0.0
bortezomib,53,0,-1.5363874665878452,0.7044711716839378,0.0
bosentan,6,0,0.4430537794814278,0.1439655422999275,0.0
bosutinib,15,0,0.47938904276621386,0.110393708166588,0.0
brefeldin-a,28,0,-0.8423396009685264,0.638125336119179,0.0
brequinar,29,0,-0.20213056793709977,0.56589449296655,0.0
brigatinib,22,0,0.4868879239620285,0.4434723162138614,0.0
brilliant-green,25,0,-0.8986463435491406,0.759290096407562,0.0
brivaracetam,18,0,-0.027682709665493264,0.634953160939939,0.0
bromosporine,7,0,0.6877533832026426,0.439489271147918,0.0
broxaldine,19,0,0.1207586967943467,0.513102190515428,0.0
broxyquinoline,21,0,0.3112032027008554,0.543259361045355,0.0
bruceantin,27,0,-0.8543835893592355,0.685455140308359,0.0
bucladesine,7,0,0.30586145808203297,0.100731192934534,0.0
buparlisib,26,0,0.18219212030255238,0.5225394543654905,0.0
buphenine,3,0,0.19330927220890257,0.40696639058481,0.0
busulfan,16,0,0.3499975769198831,0.416450923596126,0.0
butamben,10,0,0.447229430876357,0.48238009777933555,0.0
butylscopolamine-bromide,10,0,0.47730548948117973,0.5231102317019515,0.0
cabozantinib,13,0,0.5301252024604063,0.444823169538321,0.0
calcitriol,18,0,0.5835519099656745,0.41134321896949855,0.0
canertinib,15,0,0.3487942351364192,0.4827022759359335,0.0
capsaicin,2,0,0.1461821212683721,0.2232645218047135,0.0
captamine,16,0,0.4862055680374195,0.235135120147676,0.0
carboplatin,1,0,0.6897604783982965,0.43843815199895,0.0
carboxyamidotriazole,11,0,0.7154716582630503,0.423489265568057,0.0
carboxypyridine-disulfide,5,0,0.8232507348121718,0.390498405079503,0.0
cariporide,18,0,0.21607150206349368,0.15490415039202,0.0
carmofur,18,0,-0.029078875872068245,0.556684364572239,0.0
carmustine,3,0,0.5676556989213679,0.191080397495393,0.0
carvedilol,13,0,0.5437048315049507,0.246052394242421,0.0
cebranopadol,1,0,0.579859729288197,-0.165947496263308,0.0
cediranib,22,0,-0.02221851890924194,0.518144749955128,0.0
cefditoren-pivoxil,13,0,0.6733868913820419,0.386648023617909,0.0
cefpiramide,7,0,0.8422652968037709,0.290421645846814,0.0
cephalomannine,27,0,-1.395535539865512,0.661796888222509,0.0
cetrimonium,25,0,0.3343518212213961,0.633867195290503,0.0
cetylpyridinium,27,0,0.2182033608802597,0.452031659141739,0.0
chlormidazole,21,0,0.37872619283874825,0.440891580413822,0.0
chlorogenic-acid,10,0,0.6527066813963938,0.3261065942252115,0.0
chloroxine,20,0,0.5290069384934526,0.44473579355763904,0.0
chlorpropamide,10,0,0.805289709847711,0.2848275076022915,0.0
chlorpyrifos,10,0,0.8059076642948106,0.4191147993618185,0.0
chlorquinaldol,13,0,0.7457859423249177,0.4479085248555,0.0
cholecalciferol,24,0,0.18873207876440423,0.2283341630874235,0.0
chromocarb,4,0,0.8520423282927588,-0.172951274191996,0.0
ciclesonide,2,0,0.8228499195017536,0.528983580992641,0.0
ciclopirox,15,0,0.25330692938098154,0.432647002418914,0.0
cilostamide,11,0,0.5832954310640005,0.370498806564222,0.0
cinacalcet,26,0,0.6486133198614807,0.4169243851450005,0.0
ciprofibrate,18,0,0.5413526974897426,0.2180163809599075,0.0
cisplatin,16,0,0.7379582420071578,0.09043418843688245,0.0
cladribine,19,0,-0.5576570494819699,0.883611925745234,0.0
clindamycin-phosphate,3,0,0.7326653540182784,0.319922678907955,0.0
clobetasol-propionate,2,0,-0.7923887344423047,0.4135251729046515,0.0
clocortolone-pivalate,4,0,0.26298998521464567,0.35070703704439,0.0
clofarabine,24,0,-0.33123627258147964,0.506983779432966,0.0
clofazimine,4,0,0.6344106965691104,0.09867537654236225,0.0
clofoctol,5,0,0.5809851957055945,0.0717175219956946,0.0
clonazepam,28,0,-0.1647745370017106,0.5757670944900806,0.0
clopamide,5,0,0.6210550624011487,0.289271767223852,0.0
clotrimazole,3,0,0.764213189596298,-0.171327956598537,0.0
cobicistat,9,0,0.8620311061080834,0.383016888848867,0.0
cobimetinib,38,0,-0.28043998013682997,0.6990957080663229,0.0
colchicine,22,0,-1.4568183583737842,0.5614468143743425,0.0
colistin-b-sulfate,1,0,0.8594184946255273,0.57410635399188,0.0
combretastatin-A-4,22,0,-0.8755662441360168,0.4900326296022395,0.0
costunolide,4,0,0.7512228033564006,0.15596914997611183,0.0
crenolanib,28,0,-0.06870804980378688,0.692226810554588,0.0
crizotinib,30,0,0.3975083165841855,0.5083818348300645,0.0
crizotinib-(S),26,0,0.3471092219956964,0.38608727696595246,0.0
cromakalim,3,0,1.0314436484980287,0.0136336031951259,0.0
curcumin,27,0,0.35823956985052985,0.396932204362485,0.0
cyclocytidine,25,0,-0.5118501966885554,0.618422685534867,0.0
cycloheximide,27,0,-0.23171395535579742,0.62936336524879,0.0
cyclophosphamide,8,0,0.6420287773433234,0.5023570788388055,0.0
cyclosporin-a,10,0,0.6354916469334493,0.29375747002258046,0.0
cyclosporine,1,0,0.9170834465553886,0.302999137949764,0.0
cyclovalone,26,0,0.6695727725122669,0.5405131873752935,0.0
cyproheptadine,6,0,0.7561073853644873,0.476708156971826,0.0
cyproterone-acetate,15,0,0.6802417958408982,0.524366584827464,0.0
cyt387,11,0,-0.40105029259935093,0.28689213251205,0.0
cytochalasin-b,25,0,-0.11051250933544504,0.537180183094488,0.0
cytochlor,17,0,0.3644920644544541,0.315941997549731,0.0
dabrafenib,8,0,0.42607835648264325,0.30767817664381303,0.0
dacarbazine,9,0,0.5798192063658174,0.514981070586309,0.0
dacinostat,28,0,-0.3810162641109639,0.6305286013895921,0.0
daclatasvir,17,0,0.7387586803161547,0.309322771802648,0.0
dacomitinib,40,0,0.26255382033475716,0.53595325241905,0.0
danusertib,28,0,-1.5178271977978257,0.680939524447732,0.0
darapladib,24,0,0.7392527823742436,0.1534979807282335,0.0
darifenacin,9,0,0.5874070951775678,0.399482342819751,0.0
dasatinib,25,0,-0.37718610986541834,0.688825842344613,0.0
daunorubicin,39,0,-0.865292065825668,0.719252280838442,0.0
decitabine,19,0,-0.463152234330919,0.643872576055259,0.0
defactinib,12,0,0.34467646514073236,0.4017307959915065,0.0
deflazacort,15,0,0.4652141883844187,0.433841437924083,0.0
deforolimus,24,0,-0.3770560936972923,0.5551403328135764,0.0
delanzomib,28,0,-1.405579316804857,0.685642112580858,0.0
deoxycorticosterone-acetate,24,0,-0.022056513704974988,0.3858942979189335,0.0
dequalinium,13,0,0.09741505640563161,0.461589007728361,0.0
desonide,3,0,0.9150382539101949,0.416006968138357,0.0
desoxycortone,11,0,0.8310236173157837,-0.100937133434446,0.0
dexamethasone-acetate,1,0,0.45995856985245764,0.0864358104903775,0.0
dianhydrogalactitol,23,0,0.012080643091327455,0.282220533355671,0.0
diaveridine,1,0,0.3393195595793176,0.408767241700834,0.0
dichloroacetate,9,0,0.5048229925178631,0.39158126923796,0.0
dichlorvos,21,0,0.018908733371287244,0.363622764193613,0.0
diclazuril,22,0,0.11389432354437075,0.595396655222351,0.0
dienogest,12,0,0.5414607957904247,0.215418635221827,0.0
difluprednate,17,0,0.09078029967812903,0.45333687926798,0.0
digitoxigenin,28,0,-0.08752517720037752,0.6546836046004065,0.0
digitoxin,19,0,-0.7388215385471654,0.802268610703071,0.0
digoxin,25,0,-0.36936998440295743,0.67132740591901,0.0
dihydroartemisinin,1,0,0.5345649934157338,0.408955859575401,0.0
dihydromyricetin,11,0,0.3173890650367123,0.13949752732245,0.0
dinaciclib,50,0,-0.7208745614853835,0.5943687807703215,0.0
diphenyleneiodonium,26,0,-1.0632643842737588,0.7508817157329479,0.0
dirithromycin,4,0,0.9277048828817014,0.05003247487138495,0.0
disulfiram,34,0,-0.35666419554814677,0.701636059129813,0.0
dofetilide,11,0,0.8308212910761554,0.522486359690748,0.0
dolutegravir,20,0,0.4099283887025267,0.441947146260883,0.0
domiphen,22,0,0.45713924628743885,0.169912898656876,0.0
domperidone,9,0,0.39715173921402236,0.194632329482485,0.0
dorzolamide,3,0,0.6649579046743008,0.431012803435992,0.0
dovitinib,18,0,0.7968375289288512,0.45345887989211753,0.0
doxercalciferol,7,0,0.3571081170903891,0.200656655331315,0.0
doxorubicin,28,0,-0.8339558726244638,0.5850145900375815,0.0
doxycycline,43,0,0.45781556942948043,0.460186294840713,0.0
dronedarone,24,0,0.39089804469677536,0.489656909441552,0.0
drospirenone,14,0,0.5748851736869279,0.4786179232155795,0.0
ebastine,17,0,0.6744574082872341,0.133866377827332,0.0
echinomycin,28,0,-2.10058120577959,0.840285997534272,0.0
efonidipine-monoethanolate,10,0,0.7110434891307782,0.3781890179513795,0.0
elacridar,9,0,0.8688386077394527,0.381011950722471,0.0
elesclomol,44,0,-1.4181749482440373,0.7221211189570547,0.0
eltrombopag,13,0,0.42951024843553326,0.475459001703362,0.0
embelin,10,0,0.5589457394482675,0.366522677320094,0.0
emetine,28,0,-0.8429201285261587,0.7112911761485714,0.0
endo-IWR-1,23,0,0.3657464405313469,0.328213461649086,0.0
enocitabine,5,0,0.7693334752743769,0.399280438676258,0.0
entinostat,23,0,0.3984886482419255,0.39939711655533,0.0
epinephrine,16,0,0.4543182018751012,0.315243772977557,0.0
epirubicin,19,0,-0.956781811549401,0.793930924783003,0.0
epothilone-a,28,0,-1.5324606654953665,0.6419910394543025,0.0
epothilone-d,19,0,-1.693552627065082,0.978667211554486,0.0
eprinomectin,4,0,-0.049298796275761586,0.07679023879616194,0.0
eprobemide,9,0,0.490048027070623,0.22992170448814,0.0
erastin,18,0,0.548828371346322,0.5916838829309715,0.0
ercalcitriol,12,0,0.40082167422221926,0.458558792403069,0.0
erdafitinib,7,0,0.8859612438634452,0.554749681899677,0.0
erlotinib,12,0,0.17963772348745582,0.424670203760975,0.0
erteberel,9,0,0.6630385111542008,0.359420220737792,0.0
erythritol,3,0,0.5584378437738294,0.10341799977897,0.0
estradiol,1,0,0.900160353202769,-0.208469199274765,0.0
estramustine,5,0,0.8531633715852128,0.0395603062640467,0.0
ethinyl-estradiol,2,0,0.11436862795982403,-0.08703586939361449,0.0
etoposide,19,0,0.21354748348443864,0.414110966481087,0.0
etoposide-phosphate,6,0,0.8853830751009011,0.25384467460690396,0.0
evacetrapib,20,0,0.7282160595671234,0.326492442252952,0.0
evodiamine,19,0,0.16836374184589809,0.462147733232514,0.0
exemestane,1,0,0.8579260472020641,0.40355066600292,0.0
fdcyd,21,0,-0.4142164113615012,0.765749476943204,0.0
fenaclon,1,0,1.1028826448201674,0.647446656348389,0.0
fenbendazole,20,0,0.05053035533526651,0.749280931276858,0.0
fenoprofen,15,0,0.7835193932118695,0.553198041300681,0.0
fenretinide,1,0,1.8677185315179619,-0.040357339257971,0.0
fexinidazole,2,0,0.42301694573480925,0.27355387310730284,0.0
filgotinib,2,0,0.8694381221573387,0.363509255997421,0.0
finafloxacin,7,0,0.2777117611039461,0.17942552290083,0.0
fleroxacin,1,0,0.4721268003689531,0.216383520227661,0.0
florfenicol,9,0,0.5660772962273555,0.282357931465037,0.0
floxuridine,21,0,-1.169436278890322,0.676359457532478,0.0
flubendazole,23,0,0.07189455620353744,0.685183255786421,0.0
fludarabine,10,0,0.5735754825098922,0.44677515673007095,0.0
fludroxycortide,17,0,0.4930457586561318,0.411062408656931,0.0
flumethasone,11,0,0.27822385926990956,0.33528942074257,0.0
flumethasone-pivalate,6,0,0.4648978432497395,0.6107572461140975,0.0
fluorometholone,19,0,0.1253978539201417,0.488628060604137,0.0
fluoromethylcholine,1,0,0.965271230341875,0.0458399734983044,0.0
fluroxene,4,0,0.6121761034826012,0.347015879047826,0.0
fluvastatin,24,0,0.11305813509188967,0.6284503332518175,0.0
foretinib,38,0,0.06462471743718223,0.5420862992111455,0.0
forodesine,1,0,0.5904962844093476,0.498464894686673,0.0
forskolin,2,0,0.6466831922500289,0.3867465114562095,0.0
fosbretabulin,30,0,0.08814605451576821,0.346543208911674,0.0
foscarnet,15,0,0.7324062853617177,0.27690001849437,0.0
frentizole,20,0,0.35402325564809944,0.14866607398454051,0.0
ftorafur,2,0,0.7530108087883904,0.271922011517748,0.0
fudosteine,7,0,0.7448424473913222,0.40741995775563,0.0
fulvestrant,1,0,1.3281244056151462,0.171975731152258,0.0
galeterone,21,0,0.27531164952955917,0.363215689902603,0.0
gambogic-acid,43,0,-0.11867110670211417,0.468826279679845,0.0
ganetespib,42,0,-1.250693101818861,0.7507120902970525,0.0
gastrodin,16,0,0.22136782593956564,0.3470554565709195,0.0
gefitinib,15,0,0.5592661222391753,0.354210601581654,0.0
genipin,18,0,0.5118768666344696,0.5064411824362385,0.0
genz-644282,28,0,-1.9130572931700622,0.835850405946867,0.0
gilteritinib,9,0,0.6614549771320909,0.392649227676995,0.0
ginkgolide-a,11,0,0.5624556311754916,0.28971879530627,0.0
givinostat,26,0,-0.21506457828818099,0.675795012294166,0.0
golgicide-a,19,0,0.6388003162613954,0.328620941938258,0.0
golvatinib,15,0,0.3600505827406999,0.54678481177104,0.0
gossypol,28,0,0.21073786061835476,0.552410670972932,0.0
halobetasol-propionate,6,0,0.4404539498197666,0.444709544679871,0.0
halofantrine,4,0,0.6312824634428154,0.4353787087502695,0.0
halofuginone,25,0,-0.7392165189358116,0.639622578178448,0.0
harringtonine,24,0,-0.6087512735879692,0.649024491798381,0.0
hesperadin,19,0,-0.6663570798935443,0.684933952763589,0.0
hexachlorophene,20,0,0.3924028332160654,0.462126520872972,0.0
hexaminolevulinate,14,0,0.4704273655429242,0.5900975254474861,0.0
hexylresorcinol,4,0,0.7063643374460856,0.9182295522248165,0.0
homoharringtonine,43,0,-0.28367943270848417,0.569110405393748,0.0
homoquinolinic-acid,2,0,0.875084322888874,0.3424462960040255,0.0
"hydroxytacrine-maleate-(r,s)",3,0,0.1941595317996472,0.457234731459476,0.0
hydroxyurea,9,0,0.6220740617830499,0.305168875075419,0.0
hyodeoxycholic-acid,2,0,0.7934897666868497,0.6294997128607576,0.0
hypericin,1,0,-0.12097337204169342,0.508829812001973,0.0
hypoestoxide,20,0,0.6283350722442748,0.784483657212409,0.0
ibutilide,13,0,0.6575305942253036,0.469436995560134,0.0
icotinib,5,0,0.4160068952683601,0.0698044204562727,0.0
idarubicin,23,0,-0.7201701959049406,0.658893320188902,0.0
idasanutlin,3,0,-0.33215180313577963,0.675062034991779,0.0
idazoxan,18,0,0.48450574580785166,0.329741895214344,0.0
idoxuridine,8,0,0.29757097751453565,0.3788859252224685,0.0
idronoxil,10,0,0.7568243226688702,0.4085471986903615,0.0
imatinib,17,0,0.5945790191767355,0.567845033109772,0.0
imidapril,20,0,0.3897557419730425,0.4430728956948465,0.0
imiloxan,2,0,0.4518315431522246,0.3172104959518753,0.0
indibulin,25,0,-0.48994808021453073,0.708599628877404,0.0
indirubin,4,0,0.6945921285927336,0.205846940698301,0.0
indisulam,14,0,0.04889800733491968,0.575961732269668,0.0
indoprofen,19,0,0.20161201488614025,0.296021302152458,0.0
ingenol-mebutate,10,0,-1.183496761091362,0.4545251063786665,0.0
inosine,16,0,0.20656174326016627,0.3716407312121635,0.0
iodipamide,8,0,0.37555895564420866,0.585091274913229,0.0
irinotecan,26,0,-0.2521999740381703,0.659351779736296,0.0
isofloxythepin,16,0,0.7571622006991395,0.13220620542824402,0.0
isopropyl-myristate,11,0,0.25064007526268617,0.427187501190273,0.0
isoxsuprine,4,0,0.7480545661646014,-0.1073401876555791,0.0
ispinesib,30,0,-0.724588267881416,0.5898815422299543,0.0
istradefylline,6,0,0.5498496677619411,0.3375793746812475,0.0
ivermectin,20,0,-0.03325703412035851,0.2919273408801905,0.0
ixabepilone,27,0,-0.8631259010783423,0.597286561720723,0.0
ixazomib,28,0,-0.8139714145697383,0.405313262263557,0.0
ixazomib-citrate,27,0,-0.2335685300100839,0.672102481739083,0.0
josamycin,1,0,0.9691122218073194,0.447666000064351,0.0
k-strophanthidin,4,0,0.50961486282932,0.648844110355385,0.0
kenpaullone,11,0,0.539541129903721,0.115658746761339,0.0
ketoconazole,8,0,0.7743843923001182,0.4865865776089675,0.0
ketoprofen,8,0,0.7223441898513352,0.14226690081706744,0.0
ku-0063794,26,0,0.09139449475550382,0.5455601275784645,0.0
kynurenic-acid,1,0,0.44881377776914694,0.36297398018915,0.0
lacitol,6,0,0.6617892581448968,-0.02224964356671955,0.0
lafutidine,4,0,0.8859621113586285,0.23658156013848602,0.0
lanatoside-c,25,0,-0.1073227830251126,0.585015473035904,0.0
lanoconazole,3,0,0.6896565372338691,0.0825014771894946,0.0
lapatinib,23,0,0.390721090415789,0.485921924059571,0.0
lappaconite,25,0,0.37997327410264964,0.435813539935262,0.0
lasalocid,28,0,0.27200045735553463,0.5416584159091784,0.0
latanoprost,4,0,0.6204996948092859,0.25269973466583,0.0
latrepirdine,3,0,0.41223902322014766,0.559598613087061,0.0
lenalidomide,22,0,0.6322715229972717,0.278325304076412,0.0
lenvatinib,25,0,-0.31275451158933015,0.47937865011017,0.0
lerisetron,6,0,0.8986011495251699,0.268033043440264,0.0
lestaurtinib,25,0,-0.31952416539920864,0.674572570416299,0.0
levobunolol,12,0,0.7800904662474075,0.431771929755976,0.0
levocarnitine,1,0,0.909960113557785,-0.187064360760647,0.0
levocetirizine,10,0,0.6444690458526678,0.36194647278269654,0.0
levonorgestrel,1,0,-2.7217219924124403,0.999788533588914,0.0
licochalcone-a,20,0,0.6078685771427874,0.12813997470781302,0.0
linifanib,10,0,0.6214412735067716,0.1414995613864095,0.0
linsitinib,20,0,0.700654763173088,0.370290339040284,0.0
litronesib,23,0,-2.1880208208804963,0.6574745835547289,0.0
lomefloxacin,11,0,0.37172492532494744,0.482657177916978,0.0
lomitapide,8,0,0.8070328320880367,0.0247776685551626,0.0
lonafarnib,17,0,-0.10899929142995582,0.448642495029756,0.0
lorazepam,4,0,0.1625363335457773,0.459697504413673,0.0
lovastatin,2,0,0.8093982621202411,0.1536359030992192,0.0
loxistatin-acid,1,0,1.0359047991105583,0.287351097247694,0.0
lucitanib,14,0,0.44520388828698654,0.5214352856014379,0.0
marimastat,27,0,0.22880823690134602,0.597875677211908,0.0
maxacalcitol,2,0,-0.3030868391488418,0.664633942651693,0.0
mebendazole,15,0,0.2278402448767941,0.626509732125615,0.0
mechlorethamine,2,0,0.8157804135382947,0.2637325605019378,0.0
meclizine,17,0,0.5856665203319137,0.412994119035447,0.0
mefexamide,28,0,-0.4060363241630428,0.5445208386443325,0.0
meglitinide,5,0,0.49875815492244124,0.427356556834163,0.0
melengestrol-acetate,3,0,0.4731394767480718,0.37413821691451,0.0
meloxicam,8,0,0.6627919050675379,0.028286923103402153,0.0
melphalan,14,0,0.6440980059938664,0.3304350097876205,0.0
menadione,22,0,0.5982180805701147,0.3635130712661395,0.0
mephenytoin,1,0,1.014928760783647,0.103263896611817,0.0
mercaptopurine,9,0,0.6595661336860299,0.251829179798095,0.0
mericitabine,2,0,0.22564890277963703,0.606056219751049,0.0
merimepodib,19,0,0.4524531439574672,0.566573482707601,0.0
mesna,14,0,0.3637181567864511,0.3075912163500465,0.0
metaraminol,25,0,0.1340637213253358,0.512327272073509,0.0
metatinib,18,0,0.19037460643428045,0.3755277895344415,0.0
methacycline,11,0,0.4511879460418226,0.423580401521789,0.0
methiazole,19,0,0.23233316851501037,0.432209559672834,0.0
methotrexate,19,0,-0.4218514211854857,0.704097833616945,0.0
methoxyflurane,19,0,0.3058759191084465,0.427461533208186,0.0
methscopolamine,13,0,0.720557229276247,0.21647047934302,0.0
methyldopa,1,0,0.8136052577994698,0.150904271412982,0.0
methylprednisolone,1,0,-0.6833706382796905,0.879079811129223,0.0
mevastatin,16,0,0.4107416053179126,0.6159244771871645,0.0
mexeneone,1,0,1.0446379929358642,0.206840093736461,0.0
mexiletine,25,0,0.03736660008922127,0.463951205544266,0.0
mibampator,11,0,0.4242396139107905,0.542212266821481,0.0
mibefradil,10,0,0.7730864048883979,0.2861866194182015,0.0
midodrine,10,0,0.25108387419755607,0.2717784502990585,0.0
midostaurin,28,0,-0.2912436379287764,0.6381472086653065,0.0
mifepristone,18,0,0.5671175562347588,0.3799380789749415,0.0
minocycline,1,0,0.5843460406284162,0.674394087191826,0.0
mitomycin-c,24,0,-0.41049808884965944,0.645248065680846,0.0
mitoxantrone,23,0,-1.4408955942966561,0.800407042598565,0.0
monensin,27,0,0.1350377165947425,0.685331618570684,0.0
monobenzone,6,0,0.8086137964516258,0.463159788276322,0.0
mubritinib,19,0,-0.829480770607494,0.640362094340204,0.0
mycophenolic-acid,17,0,0.2333390224365451,0.607722255004821,0.0
nadide,6,0,0.43479234923923876,0.386695709860778,0.0
naftifine,15,0,0.7705801452195035,0.248504589196808,0.0
naloxone,8,0,0.571483668208794,0.9999999996928306,0.0
nanchangmycin,24,0,-0.4780499816465306,0.49376986410687096,0.0
napabucasin,53,0,-0.3739104618296186,0.698696689424747,0.0
narasin,42,0,-0.07944053744143156,0.5849260143365675,0.0
narlaprevir,1,0,0.3271392453950984,-0.0822844291873406,0.0
navarixin,18,0,0.3363570635715163,0.43507414997417804,0.0
navitoclax,31,0,0.45676297252796005,0.425816237831003,0.0
nefiracetam,4,0,0.18489447866561104,0.36753609235213847,0.0
nemorubicin,28,0,-1.589145668362185,0.751846160473433,0.0
neratinib,21,0,0.12614417008494225,0.50829453516185,0.0
nexturastat-a,2,0,0.500711236482241,0.0028466637277215073,0.0
niacin,4,0,0.5831398792304052,0.189083056872706,0.0
niclosamide,21,0,0.40786838586734975,0.320856557204866,0.0
nicotine,1,0,0.8488278056043833,0.339420355075837,0.0
nilotinib,13,0,0.7095317041379401,0.121972830156376,0.0
nintedanib,1,0,0.039913545163308105,-0.232929905933938,0.0
niraparib,15,0,0.48504345302516255,0.521769519175389,0.0
nizatidine,1,0,1.6914289318015754,0.0458634567395682,0.0
nizofenone,1,0,0.9144296467280829,0.56992820176627,0.0
nobiletin,10,0,0.47600139709190387,0.297246229457068,0.0
nocodazole,24,0,-0.44363129382881145,0.7036270519703545,0.0
nonoxynol-9,17,0,0.36751063326369915,0.3170455761412,0.0
norepinephrine,12,0,0.3997526985089299,0.45438730643099345,0.0
norethindrone,1,0,0.38671990899935915,0.584409912612379,0.0
noretynodrel,20,0,0.6140160426930212,0.3948899912117615,0.0
norfloxacin,13,0,0.6414163774966558,0.448726929295424,0.0
norgestrel,1,0,0.5321446400164934,0.236914509373385,0.0
novobiocin,12,0,0.4359638435919277,0.37763589099137396,0.0
obatoclax,32,0,-0.3361856473976359,0.571448108461601,0.0
obidoxime,1,0,1.10313395698463,0.47294689862265,0.0
octenidine,15,0,0.2855655036877474,0.411526267110523,0.0
odanacatib,1,0,-1.1976136219020013,0.25047189483665,0.0
olaparib,6,0,0.5974672558568368,0.26454998845772804,0.0
oleanolic-acid,1,0,1.3649210277415027,0.086230358582851,0.0
omeprazole,14,0,0.7178740300804258,0.36284874693874447,0.0
oncrasin-1,20,0,0.05907023495345204,0.508979827045243,0.0
oprozomib,25,0,-1.0386716953289348,0.812079603609183,0.0
orotic-acid,8,0,0.605524245371305,0.3511602586672625,0.0
osimertinib,24,0,0.4940067541451151,0.5224844914504148,0.0
ouabain,24,0,-0.904322473450667,0.6819677619172735,0.0
oxaliplatin,17,0,0.38364004190745044,0.437698964692018,0.0
oxazepam,10,0,0.42124454632953945,0.282429449708412,0.0
oxibendazole,23,0,0.12230767397126227,0.500603549717308,0.0
oxiperomide,14,0,0.3972371061461075,0.5483330820414025,0.0
oxiracetam,26,0,0.6406303390321249,0.3730669726061965,0.0
oxprenolol,16,0,0.5127314380564219,0.46274462719980947,0.0
oxymetazoline,1,0,0.47009475053775546,0.449861640805236,0.0
oxyphencyclimine,21,0,-0.07326847796366671,0.57949484521038,0.0
paclitaxel,34,0,-1.9648084784339979,0.7689249328458625,0.0
pacritinib,27,0,0.42300079944367375,0.51005920983569,0.0
palbociclib,11,0,0.04139214087796131,0.567794751502163,0.0
paliperidone,13,0,0.6594396823879326,0.259108709124205,0.0
palmatine-chloride,4,0,0.5913884832183386,0.387005968881961,0.0
panobinostat,45,0,-0.7899206153762777,0.640895132849024,0.0
papaverine,19,0,0.44424566424586986,0.56955275883099,0.0
parbendazole,25,0,-0.6577947334873537,0.683659557620488,0.0
pardoprunox,16,0,-0.11765068010491825,0.699216888370934,0.0
paricalcitol,1,0,-0.006154753404270862,0.238826138879657,0.0
parthenolide,23,0,0.3403101966063082,0.473147431462854,0.0
parthenolide-(-),22,0,0.775419387012001,0.331642060475419,0.0
pazopanib,5,0,0.7236057029775885,0.503555959243653,0.0
pelitinib,33,0,0.06451076097412313,0.614727703257221,0.0
penfluridol,26,0,0.03868601217676954,0.4640305645245165,0.0
penicillamine-(D),1,0,0.5889975346160258,0.402587902962551,0.0
pentamidine,16,0,0.36221895098256257,0.36403542727963245,0.0
pepstatin,16,0,0.5115314525324673,0.37708150868191503,0.0
peruvoside,25,0,-1.2527837990377253,0.76938791417159,0.0
pevonedistat,26,0,-0.18837843248627012,0.6152118431869116,0.0
phenazone,2,0,-0.14594287677422033,0.2485655958734525,0.0
phenylmercuric-acetate,26,0,0.26072667299413543,0.39552267192087853,0.0
pibenzimol,6,0,0.8253858433997813,0.28158408799475354,0.0
picolinic-acid,2,0,0.7928921532030433,0.37520144976846503,0.0
pilaralisib,8,0,0.5449487045075098,0.27230581944619,0.0
pilocarpine,1,0,0.8362857954103368,0.17334499298567,0.0
piperacetazine,8,0,0.6207254320235377,0.1607556832756812,0.0
pirenperone,28,0,0.05596183987199405,0.533628253329695,0.0
piretanide,3,0,0.7909263509897548,0.275948180035928,0.0
pitavastatin,15,0,0.33881852473815605,0.384172864420366,0.0
plinabulin,27,0,-1.2757712520657962,0.728146268482542,0.0
podophyllotoxin,27,0,-1.0744568979864642,0.631144640333763,0.0
polydatin,22,0,0.3289531451328812,0.5195342507590155,0.0
ponatinib,36,0,0.2526651152440976,0.5633407273041744,0.0
posaconazole,2,0,0.9252441163925337,0.243176585318126,0.0
practolol,16,0,0.3473506161313743,0.605855415725862,0.0
pralatrexate,26,0,-1.7553558646960445,0.7746277775540715,0.0
pranidipine,1,0,0.456065226305122,0.201549637058344,0.0
prednisolone,9,0,0.7543692905623597,0.399438158504865,0.0
prednisolone-acetate,1,0,-0.1704928282094814,0.404603025407955,0.0
prednisolone-hemisuccinate,8,0,0.4862099198861787,0.1305607947481035,0.0
prednisolone-tebutate,1,0,-1.0391909964625492,0.10428293423017,0.0
primaquine,15,0,0.8153074550120701,0.385526399290351,0.0
propranolol,4,0,1.3222965862002078,-0.2675967533556405,0.0
proscillaridin-a,19,0,-1.5527320176459858,0.825040234866574,0.0
puromycin,28,0,-0.11405258686192761,0.46002958749843104,0.0
pyrimethamine,12,0,0.3818476219528615,0.4360923750612115,0.0
pyrithione-zinc,27,0,-0.39814134352964875,0.53581003125019,0.0
pyroxamide,15,0,0.40843953969728675,0.436641062619951,0.0
quinethazone,1,0,0.7921481586937086,-0.81729579092364,0.0
quizartinib,8,0,0.542665835761257,0.14734234143577352,0.0
rabeprazole,6,0,0.8850518874863017,0.5142209607070954,0.0
racecadotril,1,0,0.5363183222244495,0.278895624853055,0.0
raclopride,10,0,0.5095794217339874,0.2960966337702835,0.0
radezolid,12,0,-0.13832330972257206,0.477832952192356,0.0
raloxifene,1,0,1.1384634330055288,0.153867859586044,0.0
raltitrexed,23,0,-1.3798852431496536,0.711647627899772,0.0
ramatroban,5,0,0.9268650078572581,0.214302452362669,0.0
ramifenazone,1,0,0.6448291728921501,0.421434772593483,0.0
ranitidine,1,0,2.429431710547931,-0.0436973851381726,0.0
refametinib,20,0,0.3871187870155836,0.8063786059342085,0.0
remoxipride,1,0,0.9946621273133188,0.228084797932909,0.0
repsox,18,0,0.36994585003380986,0.3497303283874975,0.0
resatorvid,4,0,0.12300715706301132,0.426648211641279,0.0
resiquimod,20,0,0.5545735490492497,0.456685452375095,0.0
resminostat,10,0,0.5568601802523487,0.5444080247444865,0.0
rheochrysidin,11,0,0.6659854712221623,0.449078147389451,0.0
ribitol,5,0,0.6253537633011709,0.387314972158957,0.0
ribociclib,11,0,0.30722445791097014,0.217396213061955,0.0
rifampin,17,0,0.5985599986209034,0.360631113345359,0.0
rigosertib,26,0,-0.9760410433950374,0.7762343206287294,0.0
rimexolone,1,0,-1.0802397239768644,0.635981601136818,0.0
rociletinib,14,0,0.6501413630696815,0.39671519405058653,0.0
romidepsin,28,0,-2.0498633723364144,0.7553008964318075,0.0
roquinimex,1,0,1.2164719324906546,0.113986689512685,0.0
rubitecan,27,0,-1.7695692451595684,0.819544948890386,0.0
rutin,8,0,0.13272946495033636,0.522901864298223,0.0
ryuvidine,24,0,0.35509478969733865,0.504769994525836,0.0
salinomycin,19,0,0.15481698496037175,0.319891541516364,0.0
salvinorin-a,2,0,0.4215712918687454,0.16222522638114256,0.0
saracatinib,29,0,0.21555306819841194,0.370872578663614,0.0
sarafloxacin,4,0,1.355512600115272,-0.02250080903902145,0.0
satraplatin,15,0,0.3964195106658376,0.298823469434545,0.0
saxagliptin,10,0,0.2928816572162172,0.44047274192779495,0.0
sclareol,1,0,0.6100328667812153,-0.149547632862561,0.0
scriptaid,19,0,0.38803811807134225,0.431375808937925,0.0
secnidazole,7,0,0.6397586550378002,0.597236427941841,0.0
securinine,6,0,0.8721685401959789,0.13958941438732686,0.0
selinexor,54,0,-0.8674810206185417,0.661807170797715,0.0
selumetinib,20,0,-0.0022831129501106363,0.441829860531311,0.0
semaxanib,19,0,0.3614243927862881,0.404147025540291,0.0
serdemetan,18,0,0.34049010874858554,0.4215216098475275,0.0
sertindole,17,0,0.6788590204374803,0.359844679979812,0.0
sevoflurane,15,0,0.5471877668865491,0.081239760879725,0.0
simvastatin,20,0,0.5438585861613418,0.407419059236649,0.0
skepinone-l,2,0,0.9501243572271922,-0.16312930401960563,0.0
sodium-stibogluconate,8,0,0.2307638240012461,0.4396170317724185,0.0
sonidegib,3,0,0.8508805312642714,0.282850735418539,0.0
sorafenib,16,0,0.38733820754201964,0.4175850410510835,0.0
sparfloxacin,12,0,0.7408132845938,0.5021439313732601,0.0
spiradoline,22,0,-0.11659247917566627,0.5536850250040846,0.0
spironolactone,24,0,0.2542429552919494,0.50367447047373,0.0
stattic,25,0,0.3894484032806599,0.55550878042625,0.0
stemregenin-1,1,0,0.7682831383729376,0.320407686487979,0.0
streptozotocin,4,0,0.7588782726262191,0.499501833710846,0.0
sulconazole,25,0,0.6626669787070317,0.187339364046231,0.0
sulfabenzamide,5,0,0.631380891972432,0.431073212025494,0.0
sulfanilamide,19,0,0.6141576303382075,0.334408730512606,0.0
sulfasalazine,1,0,0.64491181234886,0.419065160485435,0.0
sunitinib,6,0,0.7925290734689994,0.419128857170028,0.0
suxibuzone,11,0,0.6971101038587932,0.367949467452469,0.0
tacalcitol,1,0,0.5367905039313116,0.309168231898476,0.0
tacedinaline,13,0,0.6859617626118326,0.225805124394017,0.0
tacrolimus,9,0,0.8375394232659126,0.293267557804833,0.0
tagatose,1,0,0.5764245573761884,0.442433402303387,0.0
talazoparib,43,0,-0.3990554712051683,0.58318753569393,0.0
talmapimod,21,0,0.7811558222647854,-0.0762094178734172,0.0
taltirelin,6,0,0.5975853687155563,0.463370637124782,0.0
taltobulin,24,0,-1.7118586575920547,0.795507568661067,0.0
tamibarotene,1,0,-0.07523660801085102,0.540443668778846,0.0
tanaproget,13,0,0.3909216258297709,0.350496057373136,0.0
tandutinib,2,0,0.8926310949430986,0.5683412740234359,0.0
tanespimycin,39,0,-1.4797874956815957,0.739221097218129,0.0
taselisib,21,0,-0.24762676318394064,0.406213915627921,0.0
tazemetostat,6,0,0.5459112129366355,0.4248137401167025,0.0
tedizolid,13,0,-0.04255091492400596,0.620182683625949,0.0
tedizolid-phosphate,12,0,0.18026789898405682,0.499952475533771,0.0
telatinib,5,0,0.5798731876934256,0.169422490190099,0.0
temocapril,2,0,0.837899910351232,0.4986503431789375,0.0
teniposide,28,0,-0.5589432478372784,0.7103021845044665,0.0
tenovin-6,21,0,0.3369596540440528,0.508935231365731,0.0
teprenone,15,0,0.5744328356452724,0.467813565053263,0.0
terbutaline,2,0,0.5409161535532304,0.5461185479116415,0.0
terfenadine,19,0,0.764242757419939,0.173331771268614,0.0
teriflunomide,21,0,0.36622729242770374,0.25510053724058,0.0
teroxirone,25,0,0.3769266442060752,0.511773273035033,0.0
tetrahydropapaverine,7,0,0.8312207627818775,0.247076259226173,0.0
tetrahydrouridine,1,0,0.3259144456102033,0.419580146904315,0.0
tetramethylthiuram-monosulfide,22,0,0.19543937644348433,0.4466255492137525,0.0
tetrandrine,25,0,0.6231061091729885,0.350517238414213,0.0
theophylline,17,0,0.6337550943140674,0.388523932096903,0.0
thioguanine,23,0,0.3247990796340347,0.58735034350954,0.0
thiomersal,26,0,0.7263262670459232,0.31399173613328,0.0
thioproperazine,1,0,0.9211379814429146,0.310816495508271,0.0
thiostrepton,15,0,0.43448118298390365,0.365036441315708,0.0
thiram,23,0,-0.7414651635877371,0.605400791512597,0.0
thonzonium,25,0,0.24708329105759944,0.551656391614276,0.0
tiagabine,5,0,0.5562502138191552,0.206932536704118,0.0
tideglusib,19,0,0.5669847625964891,0.253188481343815,0.0
tiludronate,3,0,0.8422733824472083,0.370084477399806,0.0
tioguanine,18,0,0.3448354843291278,0.4651457064028275,0.0
tiotidine,19,0,0.747231688050558,-0.151559869893678,0.0
tioxolone,11,0,0.6654388752935175,0.115715051550923,0.0
tipifarnib,19,0,-0.11365562540505506,0.561231440731148,0.0
tipiracil,24,0,0.22829177017875127,0.39571550424186497,0.0
tipranavir,9,0,0.5352203413921118,0.466562083747405,0.0
tirapazamine,2,0,0.9599052326364946,0.6390893626624695,0.0
tivantinib,29,0,0.2670713795952278,0.5648648077234193,0.0
tivozanib,13,0,0.2022742044538392,0.341008585783465,0.0
tofogliflozin,8,0,0.568982653632495,0.34122462187478453,0.0
topotecan,27,0,-1.2124949387812836,0.759852955747602,0.0
torasemide,5,0,0.6929048204267051,0.271892570178538,0.0
torcetrapib,1,0,0.7620621939062007,0.129591586164443,0.0
toremifene,19,0,0.5610895222221738,0.582564393422971,0.0
torin-1,26,0,-0.6737183258094374,0.7491576834164165,0.0
torin-2,28,0,-0.3240081790551742,0.509158254263941,0.0
tosedostat,50,0,-0.7627195960332562,0.5915813815822051,0.0
tozasertib,24,0,-0.34205208582679236,0.6133412227828721,0.0
trametinib,43,0,-0.8397157423350888,0.6349665970498743,0.0
tranilast,20,0,0.17897314491313207,0.5325209889808824,0.0
trapidil,14,0,0.7712400252745477,0.136479111501417,0.0
tremorine,20,0,0.14416628382823157,0.5713513865906905,0.0
trequinsin,2,0,0.9136651819663991,-0.003374132120675999,0.0
triamcinolone,3,0,-0.0179557082260817,0.199432142361953,0.0
triamterene,5,0,0.8136138843275224,0.294331620228005,0.0
triapine,23,0,0.10948241029642658,0.321711918774366,0.0
trichostatin-a,26,0,-0.7571035024316047,0.6472166979600005,0.0
triciribine,26,0,-0.02349978869540309,0.4884633362858145,0.0
triclabendazole,25,0,0.1228458163504205,0.41847633695904,0.0
trifluridine,22,0,-0.4197109669253657,0.6365297588928664,0.0
trimebutine,13,0,0.33600848214525164,0.347989382909394,0.0
trolox,1,0,0.8067416497312248,0.122888281828369,0.0
tropisetron,2,0,0.2767003812523836,0.1704759849066923,0.0
trovafloxacin,12,0,0.42083177960758567,0.345956826410107,0.0
tryptanthrin,24,0,0.024330671623566096,0.5941566555805224,0.0
tucatinib,5,0,0.4651086007548735,0.329694054889877,0.0
tyrphostin-A9,20,0,0.14297208992746133,0.6027812728489965,0.0
tyrphostin-AG-1296,14,0,0.16889538525131034,0.5184544352323455,0.0
tyrphostin-AG-1478,23,0,-0.05027758429335521,0.44739620877798,0.0
tyrphostin-AG-99,24,0,0.34648452804089724,0.4012363005319385,0.0
ubenimex,4,0,0.6351842049082579,0.4509809287247155,0.0
ulipristal,1,0,0.8985988521624322,0.473734637231599,0.0
uprosertib,28,0,0.1581422215526128,0.5560037607260915,0.0
uracil,2,0,0.9466983441354494,0.4014702248540275,0.0
uridine,1,0,0.8906342714442399,0.187591245502878,0.0
usniacin-(+),1,0,0.6658430094188235,-0.21903451689808,0.0
valnemulin,20,0,-0.1078660064919961,0.6681694822636775,0.0
valrubicin,28,0,-0.36184131696737826,0.57665081430778,0.0
vandetanib,5,0,0.5270508806809782,0.4158770134176633,0.0
vanoxerine,27,0,0.26738940029485664,0.230338536133605,0.0
vatalanib,17,0,0.4695082470876532,0.233332126090663,0.0
venetoclax,2,0,0.830111341264756,0.1745136632730505,0.0
verubulin,22,0,-2.3764510072611307,0.7730694143478445,0.0
vidarabine,9,0,0.880953748849361,0.435075379976413,0.0
vinblastine,20,0,-1.8139007096376352,0.769425599904274,0.0
vincamine,10,0,0.49516754485838077,0.1471132346810775,0.0
vindesine,16,0,-1.5771202913534736,0.7917773355806226,0.0
vinflunine,19,0,-0.9038933507844321,0.796711045590511,0.0
vinorelbine,23,0,-0.46186947862142597,0.63353465121413,0.0
vismodegib,4,0,0.624268142356812,0.1303541254327402,0.0
volasertib,32,0,-0.47767157193674425,0.6218352507958163,0.0
voreloxin,21,0,-0.17054090508817069,0.671281120733801,0.0
voxtalisib,17,0,0.3851498619549023,0.20154550086007,0.0
warfarin,1,0,0.9023981510791539,0.637614287782105,0.0
xanomeline,24,0,0.27003579332281835,0.3241506730630235,0.0
xilobam,20,0,0.2694389955187899,0.303916316082799,0.0
zaleplon,8,0,0.6306789897933854,0.5081850825304425,0.0
zardaverine,25,0,0.19065828987343608,0.555850940785765,0.0
ziprasidone,18,0,0.6596295662446052,0.044650094359446946,0.0
zolantidine,10,0,0.7362620160655327,0.121594780954773,0.0
zolmitriptan,4,0,0.3552953442288293,0.2278882113391347,0.0
